,id,location_id,trafficker_id,arrests,event_date,id,country,city_id,id,event_id,product_name,description,animal,quantity,weight_kg,price_usd,transportation_method
0,1,0.0,,,04/2017,,,,,,,,,,,,
1,2,3.0,,3,04/2017,3.0,Togo,,3.0,2.0,skin,,leopard,1.0,,,
2,2,3.0,,3,04/2017,3.0,Togo,,4.0,2.0,tooth,,leopard,1.0,,,
3,2,3.0,,3,04/2017,3.0,Togo,,1.0,2.0,tusk,,elephant,2.0,,,
4,2,3.0,,3,04/2017,3.0,Togo,,2.0,2.0,tusk,,leopard,2.0,,,
5,3,4.0,,3,04/2017,4.0,Congo,,10.0,3.0,skin,,python,783.0,,,
6,3,4.0,,3,04/2017,4.0,Congo,,12.0,3.0,skin,,snake,1.0,-1.0,,
7,4,2.0,,,04/2017,2.0,Uganda,,15.0,4.0,skin,,python,1.0,,,
8,5,,,,04/2018,,,,,,,,,,,,
9,6,,,1,04/2018,,,,,,,,,,,,
10,7,4.0,,4,04/2018,4.0,Congo,,,,,,,,,,
11,8,6.0,,,04/2018,6.0,Mali,,26.0,8.0,skin,,leopard,1.0,-1.0,,
12,9,,,,04/2018,,,,,,,,,,,,
13,10,7.0,,4,04/2018,7.0,Cameroon,,27.0,10.0,skin,,python,22.0,,,
14,11,0.0,,4,04/2018,,,,,,,,,,,,
15,12,0.0,,,04/2018,,,,,,,,,,,,
16,13,,,1,04/2019,,,,,,,,,,,,
17,14,5.0,,1,04/2019,5.0,Gabon,,,,,,,,,,
18,15,8.0,,two,04/2019,8.0,Senegal,,30.0,15.0,tusk,,elephant,5.0,,,
19,16,,,,04/2019,,,,31.0,16.0,tusk,,elephant,1.0,,,
20,17,9.0,,One,04/2019,9.0,Benin,,32.0,17.0,scale,,pangolin,1.0,,,
21,18,,,1,04/2019,,,,35.0,18.0,bone,,lion,1.0,,,
22,18,,,1,04/2019,,,,34.0,18.0,skin,,lion,3.0,,,
23,19,,,Two,04/2019,,,,36.0,19.0,skin,,leopard,1.0,,,
24,20,1.0,,1,04/2019,1.0,Guinea,,37.0,20.0,skin,,leopard,2.0,-1.0,,
25,21,5.0,,1,04/2019,5.0,Gabon,,41.0,21.0,skin,,leopard,1.0,,,
26,22,,,1,04/2019,,,,,,,,,,,,
27,23,,,3,04/2019,,,,,,,,,,,,
28,24,10.0,,Two,04/2019,10.0,Equatorial Guinea,,,,,,,,,,
29,25,,,1,04/2019,,,,,,,,,,,,
30,26,4.0,,One,04/2019,4.0,Congo,,,,,,,,,,
31,27,,,,04/2019,,,,56.0,27.0,skin,,lion,3.0,,,
32,28,,,,04/2020,,,,,,,,,,,,
33,29,11.0,,1,04/2020,11.0,Burkina Faso,,57.0,29.0,skin,,leopard,1.0,-1.0,,
34,30,7.0,,,04/2020,7.0,Cameroon,,59.0,30.0,scale,,pangolin,1.0,50.0,,
35,31,7.0,,2,04/2020,7.0,Cameroon,,,,,,,,,,
36,32,7.0,,1,04/2020,7.0,Cameroon,,,,,,,,,,
37,33,7.0,,,04/2020,7.0,Cameroon,,61.0,33.0,scale,,pangolin,1.0,50.0,,
38,34,7.0,,,04/2020,7.0,Cameroon,,,,,,,,,,
39,35,14.0,,One,04/2021,14.0,Nigeria,,,,,,,,,,
40,36,,,4,04/2021,,,,,,,,,,,,
41,37,3.0,,2,04/2021,3.0,Togo,,,,,,,,,,
42,38,9.0,,2,04/2021,9.0,Benin,,,,,,,,,,
43,39,8.0,,,04/2021,8.0,Senegal,,69.0,39.0,skin,,leopard,4.0,,,
44,40,,,3,04/2021,,,,,,,,,,,,
45,41,0.0,,2,04/2021,,,,73.0,41.0,tusk,,elephant,2.0,,,
46,42,1.0,,2,04/2021,1.0,Guinea,,74.0,42.0,tusk,,elephant,1.0,,,
47,43,8.0,,3,04/2021,8.0,Senegal,,75.0,43.0,skin,,leopard,4.0,,,
48,44,0.0,,,04/2021,,,,80.0,44.0,tusk,,elephant,2.0,,,
49,45,,,2,08/2017,,,,,,,,,,,,
50,46,8.0,,,08/2017,8.0,Senegal,,,,,,,,,,
51,47,7.0,,1,08/2017,7.0,Cameroon,,82.0,47.0,scale,,pangolin,1.0,35.0,,
52,48,5.0,,1,08/2017,5.0,Gabon,,,,,,,,,,
53,49,2.0,,one,08/2017,2.0,Uganda,,,,,,,,,,
54,50,2.0,,2,08/2017,2.0,Uganda,,,,,,,,,,
55,51,2.0,,1,08/2017,2.0,Uganda,,,,,,,,,,
56,52,,,1,08/2017,,,,,,,,,,,,
57,53,,,1,08/2017,,,,,,,,,,,,
58,54,5.0,,1,08/2017,5.0,Gabon,,,,,,,,,,
59,55,,,1,08/2017,,,,97.0,55.0,tusk,,elephant,2.0,,,
60,56,5.0,,2,08/2017,5.0,Gabon,,100.0,56.0,tusk,,elephant,2.0,,,
61,57,2.0,,,08/2017,2.0,Uganda,,103.0,57.0,skin,,leopard,1.0,-1.0,,
62,57,2.0,,,08/2017,2.0,Uganda,,104.0,57.0,skin,,python,6.0,,,
63,58,8.0,,,08/2017,8.0,Senegal,,105.0,58.0,skin,,leopard,1.0,-1.0,,
64,59,,,6,08/2018,,,,,,,,,,,,
65,60,14.0,,1,08/2018,14.0,Nigeria,,106.0,60.0,scale,,pangolin,1.0,700.0,,
66,61,5.0,,1,08/2018,5.0,Gabon,,,,,,,,,,
67,62,5.0,,1,08/2018,5.0,Gabon,,,,,,,,,,
68,63,,,1,08/2018,,,,,,,,,,,,
69,64,5.0,,2,08/2018,5.0,Gabon,,116.0,64.0,skin,,leopard,1.0,,,
70,65,,,3,08/2018,,,,117.0,65.0,skin,,leopard,2.0,,,
71,66,,,1,08/2018,,,,118.0,66.0,skin,,leopard,2.0,,,
72,67,11.0,,,08/2018,11.0,Burkina Faso,,,,,,,,,,
73,68,5.0,,,08/2018,5.0,Gabon,,123.0,68.0,scale,,pangolin,1.0,700.0,,
74,69,,,2,08/2019,,,,,,,,,,,,
75,70,,,1,08/2019,,,,124.0,70.0,scale,,pangolin,1.0,148.0,,
76,71,5.0,,1,08/2019,5.0,Gabon,,,,,,,,,,
77,72,5.0,,1,08/2019,5.0,Gabon,,,,,,,,,,
78,73,5.0,,,08/2019,5.0,Gabon,,136.0,73.0,scale,,pangolin,1.0,148.0,,
79,74,5.0,,,08/2021,5.0,Gabon,,139.0,74.0,scale,,pangolin,12.0,,,
80,74,5.0,,,08/2021,5.0,Gabon,,138.0,74.0,skin,,pangolin,12.0,,,
81,74,5.0,,,08/2021,5.0,Gabon,,140.0,74.0,tooth,,leopard,12.0,,,
82,74,5.0,,,08/2021,5.0,Gabon,,137.0,74.0,tusk,,elephant,12.0,,,
83,75,5.0,,4,08/2021,5.0,Gabon,,141.0,75.0,skin,,leopard,3.0,-1.0,,
84,76,8.0,,,08/2021,8.0,Senegal,,143.0,76.0,skin,,leopard,2.0,,,
85,77,,,One,08/2021,,,,,,,,,,,,
86,78,,,,08/2021,,,,,,,,,,,,
87,79,5.0,,4,08/2021,5.0,Gabon,,146.0,79.0,skin,,leopard,1.0,-1.0,,
88,79,5.0,,4,08/2021,5.0,Gabon,,145.0,79.0,tusk,,leopard,2.0,,,
89,80,8.0,,,08/2021,8.0,Senegal,,147.0,80.0,skin,,leopard,2.0,,,
90,81,5.0,,,08/2021,5.0,Gabon,,150.0,81.0,scale,,monkey,12.0,,,
91,81,5.0,,,08/2021,5.0,Gabon,,149.0,81.0,skin,,python,12.0,,,
92,81,5.0,,,08/2021,5.0,Gabon,,151.0,81.0,tooth,,leopard,12.0,,,
93,81,5.0,,,08/2021,5.0,Gabon,,148.0,81.0,tusk,,python,12.0,,,
94,82,5.0,,4,08/2021,5.0,Gabon,,152.0,82.0,skin,,leopard,3.0,-1.0,,
95,83,8.0,,,08/2021,8.0,Senegal,,154.0,83.0,skin,,leopard,2.0,,,
96,84,,,One,08/2021,,,,,,,,,,,,
97,85,,,,08/2021,,,,,,,,,,,,
98,86,5.0,,4,08/2021,5.0,Gabon,,157.0,86.0,skin,,leopard,1.0,-1.0,,
99,86,5.0,,4,08/2021,5.0,Gabon,,156.0,86.0,tusk,,elephant,2.0,,,
100,87,8.0,,,08/2021,8.0,Senegal,,158.0,87.0,skin,,leopard,2.0,,,
101,88,13.0,,1,12/2017,13.0,Niger,,,,,,,,,,
102,89,5.0,,1,12/2017,5.0,Gabon,,,,,,,,,,
103,90,,,2,12/2017,,,,,,,,,,,,
104,91,4.0,,1,12/2017,4.0,Congo,,170.0,91.0,ivory,,pangolin,1.0,,,
105,91,4.0,,1,12/2017,4.0,Congo,,171.0,91.0,scale,,pangolin,1.0,,,
106,92,20.0,,406,12/2017,20.0,Laos,,176.0,92.0,tusk,,elephant,216.0,,,
107,93,,,,12/2017,,,,,,,,,,,,
108,94,,,66,12/2017,,,,,,,,,,,,
109,95,1.0,,,12/2017,1.0,Guinea,,179.0,95.0,scale,,pangolin,1.0,,,
110,95,1.0,,,12/2017,1.0,Guinea,,178.0,95.0,skin,,cat,1.0,,,
111,95,1.0,,,12/2017,1.0,Guinea,,181.0,95.0,tusk,,elephant,216.0,,,
112,96,,,2,12/2018,,,,,,,,,,,,
113,97,11.0,,,12/2018,11.0,Burkina Faso,,183.0,97.0,skin,,leopard,3.0,,,
114,97,11.0,,,12/2018,11.0,Burkina Faso,,182.0,97.0,skin,,lion,2.0,,,
115,98,9.0,,3,12/2018,9.0,Benin,,184.0,98.0,skin,,lion,1.0,,,
116,99,8.0,,5,12/2018,8.0,Senegal,,185.0,99.0,skin,,lion,,-1.0,,
117,100,7.0,,,12/2018,7.0,Cameroon,,186.0,100.0,scale,,pangolin,1.0,31.0,,
118,101,,,2,12/2018,,,,,,,,,,,,
119,102,5.0,,1,12/2018,5.0,Gabon,,187.0,102.0,skin,,leopard,2.0,,,
120,103,,,2,12/2018,,,,,,,,,,,,
121,104,8.0,,5,12/2018,8.0,Senegal,,192.0,104.0,scale,,pangolin,1.0,37.0,,
122,105,7.0,,3,12/2018,7.0,Cameroon,,193.0,105.0,scale,,pangolin,1.0,31.0,,
123,106,8.0,,,12/2018,8.0,Senegal,,194.0,106.0,skin,,lion,,,,
124,107,8.0,,,12/2019,8.0,Senegal,,195.0,107.0,skin,,leopard,1.0,-1.0,,
125,108,7.0,,1,12/2019,7.0,Cameroon,,,,,,,,,,
126,109,8.0,,,12/2019,8.0,Senegal,,198.0,109.0,skin,,leopard,1.0,-1.0,,
127,110,,,1,12/2020,,,,,,,,,,,,
128,111,7.0,,2,12/2020,7.0,Cameroon,,,,,,,,,,
129,112,,,4,12/2020,,,,,,,,,,,,
130,113,14.0,,3,12/2020,14.0,Nigeria,,,,,,,,,,
131,114,7.0,,,12/2020,7.0,Cameroon,,204.0,114.0,scale,,pangolin,1.0,70.0,,
132,115,7.0,,1,12/2020,7.0,Cameroon,,,,,,,,,,
133,116,4.0,,1,12/2020,4.0,Congo,,,,,,,,,,
134,117,5.0,,1,12/2020,5.0,Gabon,,,,,,,,,,
135,118,,,1,12/2020,,,,,,,,,,,,
136,119,11.0,,1,12/2020,11.0,Burkina Faso,,,,,,,,,,
137,120,9.0,,1,12/2020,9.0,Benin,,,,,,,,,,
138,121,7.0,,,12/2020,7.0,Cameroon,,218.0,121.0,scale,,pangolin,1.0,70.0,,
139,122,4.0,,2,12/2021,4.0,Congo,,219.0,122.0,bone,,human,1.0,,,
140,123,4.0,,One,12/2021,4.0,Congo,,220.0,123.0,tusk,,elephant,2.0,40.0,,
141,124,,,5,12/2021,,,,,,,,,,,,
142,125,,,,12/2021,,,,222.0,125.0,tooth,,hippo,4.0,,,
143,125,,,,12/2021,,,,221.0,125.0,tusk,,hippo,2.0,,,
144,126,,,3,12/2021,,,,,,,,,,,,
145,127,4.0,,2,12/2021,4.0,Congo,,,,,,,,,,
146,128,,,2,12/2021,,,,,,,,,,,,
147,129,5.0,,3,12/2021,5.0,Gabon,,223.0,129.0,tusk,,elephant,2.0,,,
148,130,5.0,,1,12/2021,5.0,Gabon,,226.0,130.0,skin,,leopard,2.0,,,
149,130,5.0,,1,12/2021,5.0,Gabon,,227.0,130.0,tooth,,leopard,1.0,,,
150,131,,,2,12/2021,,,,,,,,,,,,
151,132,4.0,,5,12/2021,4.0,Congo,,228.0,132.0,tusk,,elephant,2.0,40.0,,
152,133,5.0,,,12/2021,5.0,Gabon,,231.0,133.0,skin,,leopard,2.0,,,
153,133,5.0,,,12/2021,5.0,Gabon,,230.0,133.0,tooth,,hippo,4.0,,,
154,133,5.0,,,12/2021,5.0,Gabon,,232.0,133.0,tooth,,leopard,1.0,,,
155,133,5.0,,,12/2021,5.0,Gabon,,229.0,133.0,tusk,,hippo,4.0,,,
156,134,7.0,,,02/2017,7.0,Cameroon,,237.0,134.0,tooth,,hippo,1.0,183.0,,
157,134,7.0,,,02/2017,7.0,Cameroon,,239.0,134.0,tusk,,elephant,6.0,,,
158,135,7.0,,one,01/2018,7.0,Cameroon,,240.0,135.0,scale,,pangolin,1.0,40.0,,
159,135,7.0,,one,01/2018,7.0,Cameroon,,242.0,135.0,skin,,boa,2.0,40.0,,
160,135,7.0,,one,01/2018,7.0,Cameroon,,241.0,135.0,tooth,,boa,6.0,40.0,,
161,136,4.0,,2,01/2018,4.0,Congo,,,,,,,,,,
162,137,12.0,,,01/2018,12.0,Ghana,,244.0,137.0,skin,,lion,1.0,,,
163,138,7.0,,one,01/2018,7.0,Cameroon,,246.0,138.0,scale,,pangolin,1.0,40.0,,
164,138,7.0,,one,01/2018,7.0,Cameroon,,248.0,138.0,skin,,boa,2.0,40.0,,
165,138,7.0,,one,01/2018,7.0,Cameroon,,247.0,138.0,tooth,,hippo,6.0,40.0,,
166,139,4.0,,,01/2018,4.0,Congo,,,,,,,,,,
167,140,,,1,02/2019,,,,,,,,,,,,
168,141,4.0,,6,02/2019,4.0,Congo,,,,,,,,,,
169,142,5.0,,,02/2019,5.0,Gabon,,,,,,,,,,
170,143,5.0,,,02/2019,5.0,Gabon,,,,,,,,,,
171,144,4.0,,7,02/2019,4.0,Congo,,253.0,144.0,tusk,,elephant,4.0,,,
172,145,,,1,02/2019,,,,255.0,145.0,scale,,leopard,1.0,4.5,,
173,145,,,1,02/2019,,,,258.0,145.0,scale,,pangolin,2.0,,,
174,145,,,1,02/2019,,,,256.0,145.0,skin,,leopard,1.0,4.5,,
175,145,,,1,02/2019,,,,254.0,145.0,tusk,,leopard,3.0,4.5,,
176,146,7.0,,1,02/2019,7.0,Cameroon,,,,,,,,,,
177,147,5.0,,4,02/2019,5.0,Gabon,,263.0,147.0,skin,,leopard,1.0,,,
178,148,,,2,02/2019,,,,264.0,148.0,skin,,leopard,2.0,-1.0,,
179,149,,,2,02/2019,,,,265.0,149.0,skin,,leopard,2.0,,,
180,150,7.0,,1,02/2019,7.0,Cameroon,,267.0,150.0,scale,,pangolin,42.0,-1.0,,
181,151,,,2,02/2019,,,,268.0,151.0,scale,,pangolin,1.0,,,
182,152,9.0,,1,02/2019,9.0,Benin,,270.0,152.0,skin,,crocodile,3.0,,,
183,152,9.0,,1,02/2019,9.0,Benin,,269.0,152.0,skin,,leopard,3.0,,,
184,153,4.0,,6,02/2019,4.0,Congo,,,,,,,,,,
185,154,,,,02/2019,,,,,,,,,,,,
186,155,,,,02/2020,,,,,,,,,,,,
187,156,7.0,,1,02/2020,7.0,Cameroon,,271.0,156.0,skin,,leopard,5.0,-1.0,,
188,157,4.0,,1,02/2020,4.0,Congo,,,,,,,,,,
189,158,5.0,,1,02/2020,5.0,Gabon,,,,,,,,,,
190,159,24.0,,1,02/2020,24.0,Spain,,,,,,,,,,
191,160,,,1,02/2020,,,,279.0,160.0,skin,,leopard,1.0,-1.0,,
192,161,5.0,,1,02/2020,5.0,Gabon,,,,,,,,,,
193,162,8.0,,,02/2020,8.0,Senegal,,,,,,,,,,
194,163,7.0,,,02/2020,7.0,Cameroon,,283.0,163.0,skin,,leopard,5.0,,,
195,164,,,3,02/2021,,,,,,,,,,,,
196,165,,,,02/2021,,,,,,,,,,,,
197,166,4.0,,2,02/2021,4.0,Congo,,,,,,,,,,
198,167,,,,02/2021,,,,,,,,,,,,
199,168,10.0,,1,02/2021,10.0,Equatorial Guinea,,,,,,,,,,
200,169,5.0,,two,02/2021,5.0,Gabon,,,,,,,,,,
201,170,,,3,02/2021,,,,,,,,,,,,
202,171,5.0,,,02/2021,5.0,Gabon,,308.0,171.0,skin,,leopard,3.0,,,
203,172,,,2,02/2021,,,,309.0,172.0,skin,,leopard,1.0,,,
204,173,9.0,,1,02/2021,9.0,Benin,,,,,,,,,,
205,174,,,1,02/2021,,,,,,,,,,,,
206,175,5.0,,,02/2021,5.0,Gabon,,,,,,,,,,
207,176,8.0,,two,01/2017,8.0,Senegal,,310.0,176.0,scale,,pangolin,1.0,4.0,,
208,177,25.0,,1,01/2017,25.0,Liberia,,,,,,,,,,
209,178,6.0,,1,01/2017,6.0,Mali,,312.0,178.0,skin,,leopard,30.0,-1.0,,
210,179,4.0,,6,01/2017,4.0,Congo,,316.0,179.0,tusk,,elephant,2.0,,,
211,180,5.0,,11,01/2017,5.0,Gabon,,,,,,,,,,
212,181,2.0,,1,01/2017,2.0,Uganda,,,,,,,,,,
213,182,19.0,,1,01/2017,19.0,Sudan,,322.0,182.0,ivory,,hippo,1.0,,,
214,182,19.0,,1,01/2017,19.0,Sudan,,321.0,182.0,tusk,,elephant,2.0,27.0,,
215,183,8.0,,1,01/2017,8.0,Senegal,,,,,,,,,,
216,184,,,,01/2017,,,,,,,,,,,,
217,185,22.0,,6,01/2018,22.0,China,,325.0,185.0,ivory,,pangolin,4.0,478.0,,
218,185,22.0,,6,01/2018,22.0,China,,326.0,185.0,scale,,pangolin,1.0,,,
219,186,4.0,,1,01/2018,4.0,Congo,,,,,,,,,,
220,187,5.0,,1,01/2018,5.0,Gabon,,,,,,,,,,
221,188,,,1,01/2018,,,,,,,,,,,,
222,189,,,1,01/2018,,,,,,,,,,,,
223,190,2.0,,3,01/2018,2.0,Uganda,,,,,,,,,,
224,191,,,1,01/2018,,,,341.0,191.0,ivory,,hippo,100.0,25.0,,
225,191,,,1,01/2018,,,,343.0,191.0,scale,,pangolin,1.0,,,
226,191,,,1,01/2018,,,,342.0,191.0,tooth,,hippo,100.0,50.0,,
227,192,7.0,,,01/2018,7.0,Cameroon,,346.0,192.0,ivory,,hippo,1.0,,,
228,192,7.0,,,01/2018,7.0,Cameroon,,345.0,192.0,tusk,,hippo,3.0,,,
229,193,,,2,01/2019,,,,350.0,193.0,skin,,badger,3.0,-1.0,,
230,193,,,2,01/2019,,,,351.0,193.0,skin,,crocodile,7.0,,,
231,193,,,2,01/2019,,,,347.0,193.0,skin,,leopard,2.0,-1.0,,
232,194,7.0,,3,01/2019,7.0,Cameroon,,,,,,,,,,
233,195,4.0,,4,01/2019,4.0,Congo,,352.0,195.0,tusk,,elephant,9.0,,,
234,196,7.0,,,01/2019,7.0,Cameroon,,354.0,196.0,scale,,pangolin,1.0,54.0,,
235,196,7.0,,,01/2019,7.0,Cameroon,,355.0,196.0,tooth,,hippo,2.0,54.0,,
236,197,,,3,01/2019,,,,356.0,197.0,scale,,pangolin,1.0,40.0,,
237,198,4.0,,,01/2019,4.0,Congo,,358.0,198.0,skin,,leopard,2.0,-1.0,,
238,198,4.0,,,01/2019,4.0,Congo,,357.0,198.0,tusk,,elephant,9.0,,,
239,199,5.0,,1,01/2020,5.0,Gabon,,,,,,,,,,
240,200,,,1,01/2020,,,,,,,,,,,,
241,201,,,1,01/2020,,,,,,,,,,,,
242,202,,,1,01/2020,,,,,,,,,,,,
243,203,,,1,01/2020,,,,,,,,,,,,
244,204,,,,01/2020,,,,,,,,,,,,
245,205,,,2,01/2021,,,,,,,,,,,,
246,206,8.0,,,01/2021,8.0,Senegal,,359.0,206.0,skin,,hippo,14.0,,,
247,206,8.0,,,01/2021,8.0,Senegal,,360.0,206.0,tooth,,hippo,14.0,,,
248,207,8.0,,,01/2021,8.0,Senegal,,362.0,207.0,skin,,leopard,1.0,,,
249,208,,,2,01/2021,,,,363.0,208.0,skin,,leopard,2.0,,,
250,209,4.0,,2,01/2021,4.0,Congo,,364.0,209.0,skin,,leopard,1.0,,,
251,210,8.0,,2,01/2021,8.0,Senegal,,365.0,210.0,skin,,leopard,1.0,-1.0,,
252,211,4.0,,,01/2021,4.0,Congo,,366.0,211.0,skin,,leopard,1.0,,,
253,212,,,8,07/2017,,,,,,,,,,,,
254,213,22.0,,1,07/2017,22.0,China,,367.0,213.0,scale,,pangolin,1.0,3.0,,
255,214,2.0,,1,07/2017,2.0,Uganda,,,,,,,,,,
256,215,,,4,07/2017,,,,,,,,,,,,
257,216,2.0,,1,07/2017,2.0,Uganda,,,,,,,,,,
258,217,,,1,07/2017,,,,,,,,,,,,
259,218,,,1,07/2017,,,,,,,,,,,,
260,219,5.0,,1,07/2017,5.0,Gabon,,,,,,,,,,
261,220,,,1,07/2017,,,,379.0,220.0,tusk,,elephant,4.0,,,
262,221,,,1,07/2017,,,,,,,,,,,,
263,222,7.0,,1,07/2017,7.0,Cameroon,,384.0,222.0,skin,,leopard,1.0,,,
264,222,7.0,,1,07/2017,7.0,Cameroon,,383.0,222.0,tusk,,leopard,17.0,,,
265,223,1.0,,,07/2017,1.0,Guinea,,,,,,,,,,
266,224,2.0,,8,07/2017,2.0,Uganda,,389.0,224.0,skin,,okapi,2.0,-1.0,,
267,225,2.0,,,07/2017,2.0,Uganda,,392.0,225.0,scale,,pangolin,1.0,3.0,,
268,226,,,1,07/2018,,,,,,,,,,,,
269,227,7.0,,1,07/2018,7.0,Cameroon,,,,,,,,,,
270,228,,,1,07/2018,,,,,,,,,,,,
271,229,14.0,,,07/2018,14.0,Nigeria,,,,,,,,,,
272,230,1.0,,1,07/2018,1.0,Guinea,,398.0,230.0,skin,,leopard,1.0,-1.0,,
273,231,7.0,,1,07/2018,7.0,Cameroon,,,,,,,,,,
274,232,,,,07/2018,,,,,,,,,,,,
275,233,,,,07/2018,,,,401.0,233.0,skin,,leopard,1.0,,,
276,234,11.0,,2,07/2020,11.0,Burkina Faso,,,,,,,,,,
277,235,,,4,07/2020,,,,406.0,235.0,tooth,,hippo,16.0,,,
278,235,,,4,07/2020,,,,405.0,235.0,tusk,,hippo,4.0,,,
279,236,12.0,,2,07/2020,12.0,Ghana,,,,,,,,,,
280,237,,,,07/2020,,,,409.0,237.0,scale,,pangolin,1.0,,,
281,237,,,,07/2020,,,,408.0,237.0,skin,,leopard,2.0,,,
282,238,,,two,07/2020,,,,,,,,,,,,
283,239,,,2,07/2020,,,,,,,,,,,,
284,240,8.0,,1,07/2020,8.0,Senegal,,410.0,240.0,skin,,leopard,24.0,-1.0,,
285,241,8.0,,,07/2020,8.0,Senegal,,415.0,241.0,skin,,leopard,24.0,-1.0,,
286,242,14.0,,,07/2021,14.0,Nigeria,,416.0,242.0,scale,,pangolin,1.0,331.0,,
287,242,14.0,,,07/2021,14.0,Nigeria,,417.0,242.0,skin,,leopard,3.0,331.0,,
288,243,7.0,,,07/2021,7.0,Cameroon,,,,,,,,,,
289,244,7.0,,,07/2021,7.0,Cameroon,,,,,,,,,,
290,245,4.0,,3,07/2021,4.0,Congo,,418.0,245.0,skin,,leopard,1.0,,,
291,246,,,,07/2021,,,,,,,,,,,,
292,247,,,1,07/2021,,,,,,,,,,,,
293,248,7.0,,,07/2021,7.0,Cameroon,,422.0,248.0,scale,,pangolin,1.0,331.0,,
294,248,7.0,,,07/2021,7.0,Cameroon,,423.0,248.0,skin,,pangolin,3.0,331.0,,
295,249,5.0,,1,06/2017,5.0,Gabon,,,,,,,,,,
296,250,7.0,,,06/2017,7.0,Cameroon,,,,,,,,,,
297,251,,,One,06/2017,,,,,,,,,,,,
298,252,,,1,06/2017,,,,,,,,,,,,
299,253,5.0,,,06/2017,5.0,Gabon,,429.0,253.0,skin,,leopard,1.0,-1.0,,
300,254,4.0,,1,06/2017,4.0,Congo,,432.0,254.0,skin,,leopard,2.0,,,
301,255,2.0,,1,06/2017,2.0,Uganda,,,,,,,,,,
302,256,,,,06/2017,,,,,,,,,,,,
303,257,16.0,,1,06/2017,16.0,Kenya,,,,,,,,,,
304,258,2.0,,2,06/2017,2.0,Uganda,,438.0,258.0,ivory,,hippo,2.0,34.0,,
305,258,2.0,,2,06/2017,2.0,Uganda,,439.0,258.0,tooth,,hippo,2.0,,,
306,259,1.0,,1,06/2017,1.0,Guinea,,,,,,,,,,
307,260,5.0,,,06/2017,5.0,Gabon,,,,,,,,,,
308,261,1.0,,1,06/2018,1.0,Guinea,,,,,,,,,,
309,262,,,1,06/2018,,,,,,,,,,,,
310,263,9.0,,1,06/2018,9.0,Benin,,,,,,,,,,
311,264,13.0,,1,06/2018,13.0,Niger,,,,,,,,,,
312,265,,,Two,06/2018,,,,,,,,,,,,
313,266,,,Two,06/2018,,,,,,,,,,,,
314,267,,,5,06/2018,,,,,,,,,,,,
315,268,5.0,,1,06/2018,5.0,Gabon,,,,,,,,,,
316,269,,,2,06/2018,,,,,,,,,,,,
317,270,11.0,,1,06/2018,11.0,Burkina Faso,,455.0,270.0,skin,,leopard,2.0,-1.0,,
318,271,,,1,06/2018,,,,458.0,271.0,ivory,,pangolin,1.0,,,
319,271,,,1,06/2018,,,,459.0,271.0,scale,,pangolin,1.0,3.0,,
320,271,,,1,06/2018,,,,460.0,271.0,tusk,,pangolin,2.0,3.0,,
321,272,9.0,,2,06/2018,9.0,Benin,,,,,,,,,,
322,273,1.0,,,06/2018,1.0,Guinea,,,,,,,,,,
323,274,,,,06/2019,,,,,,,,,,,,
324,275,7.0,,,06/2019,7.0,Cameroon,,461.0,275.0,scale,,pangolin,1.0,700.0,,
325,276,14.0,,1,06/2019,14.0,Nigeria,,,,,,,,,,
326,277,5.0,,4,06/2019,5.0,Gabon,,,,,,,,,,
327,278,12.0,,1,06/2019,12.0,Ghana,,,,,,,,,,
328,279,,,1,06/2019,,,,,,,,,,,,
329,280,,,1,06/2019,,,,,,,,,,,,
330,281,9.0,,1,06/2019,9.0,Benin,,,,,,,,,,
331,282,,,1,06/2019,,,,,,,,,,,,
332,283,,,1,06/2019,,,,,,,,,,,,
333,284,4.0,,1,06/2019,4.0,Congo,,483.0,284.0,skin,,leopard,1.0,,,
334,285,4.0,,,06/2019,4.0,Congo,,,,,,,,,,
335,286,,,1,06/2020,,,,,,,,,,,,
336,287,7.0,,1,06/2020,7.0,Cameroon,,484.0,287.0,scale,,pangolin,1.0,380.0,,
337,288,7.0,,One,06/2020,7.0,Cameroon,,485.0,288.0,bone,,human,1.0,-1.0,,
338,289,7.0,,2,06/2020,7.0,Cameroon,,,,,,,,,,
339,290,4.0,,2,06/2020,4.0,Congo,,,,,,,,,,
340,291,8.0,,,06/2020,8.0,Senegal,,489.0,291.0,skin,,leopard,2.0,,,
341,292,6.0,,,06/2020,6.0,Mali,,,,,,,,,,
342,293,,,1,06/2020,,,,,,,,,,,,
343,294,9.0,,,06/2020,9.0,Benin,,,,,,,,,,
344,295,11.0,,2,06/2020,11.0,Burkina Faso,,,,,,,,,,
345,296,7.0,,,06/2020,7.0,Cameroon,,497.0,296.0,bone,,human,1.0,,,
346,297,7.0,,4,06/2021,7.0,Cameroon,,498.0,297.0,scale,,pangolin,1.0,60.0,,
347,298,7.0,,,06/2021,7.0,Cameroon,,500.0,298.0,skin,,crocodile,1.0,,,
348,298,7.0,,,06/2021,7.0,Cameroon,,499.0,298.0,skin,,leopard,3.0,,,
349,299,,,,06/2021,,,,501.0,299.0,skin,,leopard,1.0,,,
350,300,7.0,,,06/2021,7.0,Cameroon,,,,,,,,,,
351,301,4.0,,1,06/2021,4.0,Congo,,503.0,301.0,scale,,pangolin,1.0,5.0,,
352,301,4.0,,1,06/2021,4.0,Congo,,502.0,301.0,tusk,,pangolin,3.0,5.0,,
353,302,,,2,06/2021,,,,,,,,,,,,
354,303,5.0,,One,06/2021,5.0,Gabon,,506.0,303.0,tusk,,elephant,2.0,,,
355,304,,,,06/2021,,,,,,,,,,,,
356,305,8.0,,1,06/2021,8.0,Senegal,,510.0,305.0,skin,,leopard,2.0,-1.0,,
357,306,8.0,,,06/2021,8.0,Senegal,,511.0,306.0,skin,,leopard,2.0,,,
358,307,,,2,06/2021,,,,514.0,307.0,skin,,leopard,1.0,,,
359,308,2.0,,One,06/2021,2.0,Uganda,,,,,,,,,,
360,309,,,,06/2021,,,,,,,,,,,,
361,310,7.0,,3,06/2021,7.0,Cameroon,,518.0,310.0,scale,,pangolin,1.0,60.0,,
362,311,8.0,,,06/2021,8.0,Senegal,,519.0,311.0,skin,,leopard,2.0,,,
363,312,1.0,,4,03/2017,1.0,Guinea,,,,,,,,,,
364,313,2.0,,11,03/2017,2.0,Uganda,,522.0,313.0,skin,,crocodile,101.0,,,
365,314,5.0,,1,03/2017,5.0,Gabon,,526.0,314.0,skin,,leopard,4.0,,,
366,315,4.0,,1,03/2017,4.0,Congo,,528.0,315.0,tusk,,elephant,6.0,,,
367,316,2.0,,36,03/2017,2.0,Uganda,,,,,,,,,,
368,317,,,,03/2017,,,,,,,,,,,,
369,318,11.0,,1,03/2018,11.0,Burkina Faso,,,,,,,,,,
370,319,7.0,,3,03/2018,7.0,Cameroon,,,,,,,,,,
371,320,,,2,03/2018,,,,,,,,,,,,
372,321,,,1,03/2018,,,,,,,,,,,,
373,322,5.0,,1,03/2018,5.0,Gabon,,,,,,,,,,
374,323,,,1,03/2018,,,,542.0,323.0,tusk,,elephant,2.0,,,
375,324,,,1,03/2018,,,,,,,,,,,,
376,325,,,2,03/2018,,,,,,,,,,,,
377,326,4.0,,,03/2018,4.0,Congo,,549.0,326.0,scale,,pangolin,1.0,6.5,,
378,326,4.0,,,03/2018,4.0,Congo,,548.0,326.0,tusk,,pangolin,3.0,6.5,,
379,327,5.0,,1,03/2018,5.0,Gabon,,550.0,327.0,ivory,,pangolin,1.0,,,
380,327,5.0,,1,03/2018,5.0,Gabon,,551.0,327.0,scale,,pangolin,1.0,,,
381,328,,,2,03/2018,,,,,,,,,,,,
382,329,8.0,,1,03/2018,8.0,Senegal,,,,,,,,,,
383,330,8.0,,,03/2018,8.0,Senegal,,553.0,330.0,skin,,leopard,4.0,,,
384,331,,,3,03/2018,,,,,,,,,,,,
385,332,7.0,,,03/2018,7.0,Cameroon,,,,,,,,,,
386,333,,,4,03/2019,,,,,,,,,,,,
387,334,22.0,,1,03/2019,22.0,China,,556.0,334.0,scale,,pangolin,1.0,1.7,,
388,334,22.0,,1,03/2019,22.0,China,,555.0,334.0,tusk,,pangolin,73.0,1.7,,
389,335,8.0,,,03/2019,8.0,Senegal,,558.0,335.0,scale,,pangolin,1.0,-1.0,,
390,336,,,1,03/2019,,,,,,,,,,,,
391,337,5.0,,1,03/2019,5.0,Gabon,,565.0,337.0,tusk,,elephant,3.0,,,
392,338,,,2,03/2019,,,,,,,,,,,,
393,339,11.0,,1,03/2019,11.0,Burkina Faso,,,,,,,,,,
394,340,,,1,03/2019,,,,,,,,,,,,
395,341,,,1,03/2019,,,,,,,,,,,,
396,342,8.0,,3,03/2019,8.0,Senegal,,,,,,,,,,
397,343,,,4,03/2019,,,,,,,,,,,,
398,344,7.0,,,03/2019,7.0,Cameroon,,578.0,344.0,scale,,pangolin,1.0,1.7,,
399,344,7.0,,,03/2019,7.0,Cameroon,,577.0,344.0,tusk,,pangolin,73.0,1.7,,
400,345,,,1,03/2020,,,,,,,,,,,,
401,346,5.0,,4,03/2020,5.0,Gabon,,,,,,,,,,
402,347,8.0,,two,03/2020,8.0,Senegal,,582.0,347.0,tooth,,hippo,1.0,20.0,,
403,348,,,4,03/2020,,,,583.0,348.0,ivory,,hippo,1.0,,,
404,348,,,4,03/2020,,,,584.0,348.0,scale,,pangolin,1.0,3.0,,
405,349,8.0,,1,03/2020,8.0,Senegal,,585.0,349.0,tooth,,hippo,1.0,20.0,,
406,350,5.0,,,03/2020,5.0,Gabon,,,,,,,,,,
407,351,7.0,,2,03/2021,7.0,Cameroon,,586.0,351.0,scale,,pangolin,1.0,109.0,,
408,352,4.0,,3,03/2021,4.0,Congo,,,,,,,,,,
409,353,5.0,,3,03/2021,5.0,Gabon,,,,,,,,,,
410,354,5.0,,1,03/2021,5.0,Gabon,,,,,,,,,,
411,355,,,2,03/2021,,,,,,,,,,,,
412,356,8.0,,One,03/2021,8.0,Senegal,,598.0,356.0,skin,,hippo,17.0,-1.0,,
413,356,8.0,,One,03/2021,8.0,Senegal,,599.0,356.0,tooth,,hippo,17.0,,,
414,357,,,1,03/2021,,,,600.0,357.0,skin,,leopard,1.0,,,
415,358,11.0,,,03/2021,11.0,Burkina Faso,,602.0,358.0,tusk,,elephant,2.0,,,
416,359,12.0,,2,03/2021,12.0,Ghana,,605.0,359.0,skin,,crocodile,30.0,,,
417,360,2.0,,,03/2021,2.0,Uganda,,,,,,,,,,
418,361,,,1,05/2017,,,,606.0,361.0,ivory,,leopard,1.0,,,
419,361,,,1,05/2017,,,,607.0,361.0,skin,,leopard,1.0,40.0,,
420,362,1.0,,1,05/2017,1.0,Guinea,,613.0,362.0,skin,,python,1.0,-1.0,,
421,363,5.0,,6,05/2017,5.0,Gabon,,615.0,363.0,skin,,leopard,1.0,,,
422,364,,,1,05/2017,,,,617.0,364.0,skin,,elephant,2.0,,,
423,364,,,1,05/2017,,,,616.0,364.0,skin,,leopard,1.0,,,
424,365,,,1,05/2017,,,,,,,,,,,,
425,366,,,2,05/2017,,,,,,,,,,,,
426,367,,,2,05/2017,,,,,,,,,,,,
427,368,,,1,05/2017,,,,619.0,368.0,skin,,elephant,2.0,,,
428,368,,,1,05/2017,,,,620.0,368.0,tusk,,elephant,2.0,,,
429,369,,,3,05/2017,,,,621.0,369.0,skin,,leopard,1.0,-1.0,,
430,369,,,3,05/2017,,,,622.0,369.0,tooth,,leopard,1.0,,,
431,370,,,One,05/2017,,,,623.0,370.0,skin,,leopard,2.0,,,
432,371,,,1,05/2017,,,,,,,,,,,,
433,372,2.0,,1,05/2017,2.0,Uganda,,,,,,,,,,
434,373,,,1,05/2017,,,,,,,,,,,,
435,374,,,,05/2017,,,,,,,,,,,,
436,375,4.0,,2,05/2017,4.0,Congo,,,,,,,,,,
437,376,4.0,,,05/2017,4.0,Congo,,,,,,,,,,
438,377,,,,05/2017,,,,,,,,,,,,
439,378,4.0,,1,05/2017,4.0,Congo,,633.0,378.0,ivory,,leopard,1.0,,,
440,378,4.0,,1,05/2017,4.0,Congo,,634.0,378.0,skin,,leopard,1.0,,,
441,379,2.0,,,05/2017,2.0,Uganda,,,,,,,,,,
442,380,,,1,05/2018,,,,,,,,,,,,
443,381,5.0,,1,05/2018,5.0,Gabon,,,,,,,,,,
444,382,,,1,05/2018,,,,,,,,,,,,
445,383,,,1,05/2018,,,,,,,,,,,,
446,384,,,3,05/2018,,,,643.0,384.0,tooth,,leopard,1.0,,,
447,384,,,3,05/2018,,,,642.0,384.0,tusk,,elephant,2.0,,,
448,385,,,1,05/2018,,,,,,,,,,,,
449,386,,,1,05/2018,,,,,,,,,,,,
450,387,,,1,05/2018,,,,,,,,,,,,
451,388,7.0,,4,05/2018,7.0,Cameroon,,,,,,,,,,
452,389,,,One,05/2018,,,,652.0,389.0,bone,,elephant,1.0,,,
453,389,,,One,05/2018,,,,651.0,389.0,scale,,pangolin,1.0,,,
454,389,,,One,05/2018,,,,650.0,389.0,tusk,,pangolin,1.0,,,
455,390,,,1,05/2018,,,,,,,,,,,,
456,391,14.0,,,05/2018,14.0,Nigeria,,656.0,391.0,tooth,,hippo,1.0,,,
457,391,14.0,,,05/2018,14.0,Nigeria,,655.0,391.0,tusk,,hippo,7.0,,,
458,392,,,3,05/2018,,,,662.0,392.0,skin,,leopard,1.0,,,
459,393,,,two,05/2018,,,,663.0,393.0,scale,,pangolin,1.0,35.0,,
460,394,,,1,05/2018,,,,664.0,394.0,scale,,pangolin,1.0,,,
461,395,4.0,,1,05/2018,4.0,Congo,,,,,,,,,,
462,396,4.0,,3,05/2018,4.0,Congo,,,,,,,,,,
463,397,,,3,05/2018,,,,667.0,397.0,scale,,pangolin,1.0,35.0,,
464,398,5.0,,,05/2018,5.0,Gabon,,,,,,,,,,
465,399,7.0,,1,05/2019,7.0,Cameroon,,668.0,399.0,skin,,leopard,1.0,,,
466,400,5.0,,,05/2019,5.0,Gabon,,,,,,,,,,
467,401,,,Two,05/2019,,,,,,,,,,,,
468,402,,,4,05/2019,,,,,,,,,,,,
469,403,7.0,,1,05/2019,7.0,Cameroon,,677.0,403.0,scale,,pangolin,1.0,100.0,,
470,404,5.0,,2,05/2019,5.0,Gabon,,,,,,,,,,
471,405,7.0,,1,05/2019,7.0,Cameroon,,681.0,405.0,skin,,leopard,1.0,,,
472,406,5.0,,4,05/2019,5.0,Gabon,,,,,,,,,,
473,407,7.0,,,05/2019,7.0,Cameroon,,685.0,407.0,scale,,pangolin,1.0,100.0,,
474,408,,,1,05/2020,,,,,,,,,,,,
475,409,7.0,,1,05/2020,7.0,Cameroon,,686.0,409.0,bone,,human,1.0,-1.0,,
476,410,,,3,05/2020,,,,688.0,410.0,bone,,human,1.0,-1.0,,
477,411,7.0,,1,05/2020,7.0,Cameroon,,,,,,,,,,
478,412,,,1,05/2020,,,,,,,,,,,,
479,413,9.0,,1,05/2020,9.0,Benin,,,,,,,,,,
480,414,7.0,,1,05/2020,7.0,Cameroon,,700.0,414.0,bone,,human,1.0,,,
481,415,9.0,,,05/2020,9.0,Benin,,,,,,,,,,
482,416,5.0,,,05/2021,5.0,Gabon,,701.0,416.0,tusk,,elephant,8.0,-1.0,,
483,417,,,,05/2021,,,,710.0,417.0,scale,,pangolin,1.0,110.0,,
484,418,,,,05/2021,,,,,,,,,,,,
485,419,7.0,,2,05/2021,7.0,Cameroon,,,,,,,,,,
486,420,7.0,,,05/2021,7.0,Cameroon,,712.0,420.0,scale,,pangolin,1.0,72.0,,
487,421,,,3,05/2021,,,,,,,,,,,,
488,422,4.0,,1,05/2021,4.0,Congo,,,,,,,,,,
489,423,,,1,05/2021,,,,,,,,,,,,
490,424,4.0,,3,05/2021,4.0,Congo,,713.0,424.0,bone,,human,1.0,,,
491,424,4.0,,3,05/2021,4.0,Congo,,714.0,424.0,skin,,leopard,1.0,,,
492,425,4.0,,,05/2021,4.0,Congo,,716.0,425.0,scale,,pangolin,1.0,110.0,,
493,426,,,2,11/2017,,,,,,,,,,,,
494,427,26.0,,,11/2017,26.0,Sierra Leone,,,,,,,,,,
495,428,,,1,11/2017,,,,,,,,,,,,
496,429,2.0,,1,11/2017,2.0,Uganda,,,,,,,,,,
497,430,2.0,,1,11/2017,2.0,Uganda,,,,,,,,,,
498,431,,,3,11/2017,,,,723.0,431.0,ivory,,elephant,1.0,,,
499,432,,,1,11/2017,,,,,,,,,,,,
500,433,,,1,11/2017,,,,,,,,,,,,
501,434,4.0,,3,11/2017,4.0,Congo,,,,,,,,,,
502,435,,,2,11/2017,,,,,,,,,,,,
503,436,,,1,11/2017,,,,730.0,436.0,tusk,,elephant,2.0,,,
504,437,,,1,11/2017,,,,,,,,,,,,
505,438,5.0,,2,11/2017,5.0,Gabon,,,,,,,,,,
506,439,,,1,11/2017,,,,,,,,,,,,
507,440,,,1,11/2017,,,,,,,,,,,,
508,441,,,3,11/2017,,,,738.0,441.0,skin,,leopard,2.0,,,
509,441,,,3,11/2017,,,,737.0,441.0,tusk,,leopard,2.0,,,
510,442,7.0,,1,11/2017,7.0,Cameroon,,739.0,442.0,scale,,pangolin,1.0,128.0,,
511,443,8.0,,,11/2017,8.0,Senegal,,743.0,443.0,skin,,crocodile,1.0,-1.0,,
512,443,8.0,,,11/2017,8.0,Senegal,,742.0,443.0,tusk,,crocodile,2.0,,,
513,444,,,3,11/2017,,,,,,,,,,,,
514,445,7.0,,3,11/2017,7.0,Cameroon,,744.0,445.0,scale,,pangolin,1.0,128.0,,
515,446,4.0,,,11/2017,4.0,Congo,,,,,,,,,,
516,447,4.0,,1,11/2018,4.0,Congo,,,,,,,,,,
517,448,5.0,,1,11/2018,5.0,Gabon,,750.0,448.0,tusk,,elephant,4.0,,,
518,449,8.0,,1,11/2018,8.0,Senegal,,,,,,,,,,
519,450,5.0,,1,11/2018,5.0,Gabon,,,,,,,,,,
520,451,5.0,,,11/2018,5.0,Gabon,,759.0,451.0,tusk,,elephant,4.0,,,
521,452,,,1,11/2019,,,,,,,,,,,,
522,453,,,1,11/2019,,,,,,,,,,,,
523,454,7.0,,1,11/2019,7.0,Cameroon,,,,,,,,,,
524,455,,,1,11/2019,,,,,,,,,,,,
525,456,4.0,,1,11/2019,4.0,Congo,,,,,,,,,,
526,457,,,1,11/2019,,,,,,,,,,,,
527,458,,,1,11/2019,,,,,,,,,,,,
528,459,7.0,,,11/2019,7.0,Cameroon,,,,,,,,,,
529,460,7.0,,1,11/2020,7.0,Cameroon,,,,,,,,,,
530,461,5.0,,1,11/2020,5.0,Gabon,,,,,,,,,,
531,462,,,1,11/2020,,,,,,,,,,,,
532,463,5.0,,,11/2020,5.0,Gabon,,764.0,463.0,ivory,,elephant,1.0,-1.0,,
533,464,4.0,,One,11/2021,4.0,Congo,,,,,,,,,,
534,465,,,4,11/2021,,,,,,,,,,,,
535,466,5.0,,3,11/2021,5.0,Gabon,,765.0,466.0,tusk,,elephant,2.0,,,
536,467,7.0,,,11/2021,7.0,Cameroon,,,,,,,,,,
537,468,7.0,,,11/2021,7.0,Cameroon,,768.0,468.0,scale,,pangolin,1.0,86.0,,
538,469,4.0,,4,11/2021,4.0,Congo,,770.0,469.0,ivory,,elephant,17.0,,,
539,469,4.0,,4,11/2021,4.0,Congo,,769.0,469.0,tusk,,elephant,2.0,,,
540,470,5.0,,3,11/2021,5.0,Gabon,,771.0,470.0,tusk,,elephant,2.0,,,
541,471,7.0,,,11/2021,7.0,Cameroon,,,,,,,,,,
542,472,,,,11/2021,,,,772.0,472.0,tusk,,elephant,2.0,,,
543,473,,,4,10/2017,,,,,,,,,,,,
544,474,,,,10/2017,,,,,,,,,,,,
545,475,5.0,,1,10/2017,5.0,Gabon,,777.0,475.0,tooth,,hippo,8.0,-1.0,,
546,476,3.0,,18,10/2017,3.0,Togo,,,,,,,,,,
547,477,5.0,,1,10/2017,5.0,Gabon,,,,,,,,,,
548,478,,,1,10/2017,,,,,,,,,,,,
549,479,,,3,10/2017,,,,,,,,,,,,
550,480,,,6,10/2017,,,,789.0,480.0,skin,,leopard,1.0,,,
551,480,,,6,10/2017,,,,788.0,480.0,tusk,,leopard,2.0,,,
552,481,7.0,,1,10/2017,7.0,Cameroon,,790.0,481.0,ivory,,pangolin,1.0,,,
553,481,7.0,,1,10/2017,7.0,Cameroon,,791.0,481.0,scale,,pangolin,1.0,,,
554,481,7.0,,1,10/2017,7.0,Cameroon,,792.0,481.0,skin,,leopard,1.0,,,
555,482,,,2,10/2017,,,,794.0,482.0,tusk,,elephant,2.0,,,
556,483,4.0,,2,10/2017,4.0,Congo,,795.0,483.0,scale,,pangolin,1.0,50.0,,
557,484,,,One,10/2017,,,,797.0,484.0,scale,,pangolin,1.0,,,
558,484,,,One,10/2017,,,,796.0,484.0,skin,,pangolin,2.0,,,
559,485,,,2,10/2017,,,,798.0,485.0,skin,,leopard,1.0,,,
560,486,7.0,,4,10/2017,7.0,Cameroon,,801.0,486.0,scale,,pangolin,1.0,,,
561,486,7.0,,4,10/2017,7.0,Cameroon,,800.0,486.0,skin,,leopard,2.0,,,
562,487,,,,10/2017,,,,,,,,,,,,
563,488,9.0,,,10/2018,9.0,Benin,,807.0,488.0,skin,,leopard,3.0,,,
564,489,3.0,,,10/2018,3.0,Togo,,,,,,,,,,
565,490,,,1,10/2018,,,,813.0,490.0,scale,,pangolin,1.0,3.0,,
566,491,5.0,,3,10/2018,5.0,Gabon,,,,,,,,,,
567,492,9.0,,1,10/2018,9.0,Benin,,,,,,,,,,
568,493,4.0,,,10/2018,4.0,Congo,,,,,,,,,,
569,494,,,1,10/2019,,,,,,,,,,,,
570,495,5.0,,1,10/2019,5.0,Gabon,,,,,,,,,,
571,496,,,1,10/2019,,,,,,,,,,,,
572,497,4.0,,1,10/2019,4.0,Congo,,,,,,,,,,
573,498,,,1,10/2019,,,,,,,,,,,,
574,499,,,1,10/2019,,,,,,,,,,,,
575,500,,,1,10/2019,,,,,,,,,,,,
576,501,11.0,,1,10/2019,11.0,Burkina Faso,,,,,,,,,,
577,502,,,,10/2019,,,,,,,,,,,,
578,503,4.0,,2,10/2019,4.0,Congo,,,,,,,,,,
579,504,4.0,,2,10/2019,4.0,Congo,,832.0,504.0,skin,,leopard,1.0,,,
580,504,4.0,,2,10/2019,4.0,Congo,,833.0,504.0,tooth,,leopard,1.0,,,
581,505,8.0,,1,10/2019,8.0,Senegal,,,,,,,,,,
582,506,,,2,10/2019,,,,,,,,,,,,
583,507,8.0,,,10/2019,8.0,Senegal,,,,,,,,,,
584,508,,,1,10/2020,,,,,,,,,,,,
585,509,9.0,,4,10/2020,9.0,Benin,,,,,,,,,,
586,510,5.0,,1,10/2020,5.0,Gabon,,,,,,,,,,
587,511,5.0,,1,10/2020,5.0,Gabon,,,,,,,,,,
588,512,,,1,10/2020,,,,,,,,,,,,
589,513,22.0,,2,10/2020,22.0,China,,848.0,513.0,tooth,,whale,16.0,34.0,,
590,514,31.0,,2,10/2020,,,,851.0,514.0,Ara Macaw,,parrot,1.0,,,
591,514,31.0,,2,10/2020,,,,849.0,514.0,claw,,leopard,48.0,,,
592,515,11.0,,1,10/2020,11.0,Burkina Faso,,853.0,515.0,tusk,,elephant,11.0,,,
593,516,,,1,10/2020,,,,,,,,,,,,
594,517,9.0,,,10/2020,9.0,Benin,,,,,,,,,,
595,518,,,4,10/2021,,,,855.0,518.0,ivory,,elephant,1.0,,,
596,518,,,4,10/2021,,,,854.0,518.0,tusk,,elephant,11.0,,,
597,519,3.0,,,10/2021,3.0,Togo,,,,,,,,,,
598,520,7.0,,2,10/2021,7.0,Cameroon,,,,,,,,,,
599,521,14.0,,2,10/2021,14.0,Nigeria,,858.0,521.0,skin,,hyena,1.0,,,
600,521,14.0,,2,10/2021,14.0,Nigeria,,857.0,521.0,skin,,lion,1.0,,,
601,522,7.0,,,10/2021,7.0,Cameroon,,,,,,,,,,
602,523,7.0,,,10/2021,7.0,Cameroon,,859.0,523.0,scale,,pangolin,1.0,77.0,,
603,524,5.0,,,10/2021,5.0,Gabon,,,,,,,,,,
604,525,,,,10/2021,,,,,,,,,,,,
605,526,7.0,,,10/2021,7.0,Cameroon,,,,,,,,,,
606,527,7.0,,2,10/2021,7.0,Cameroon,,862.0,527.0,scale,,pangolin,1.0,77.0,,
607,528,,,2,10/2021,,,,864.0,528.0,skin,,hyena,1.0,,,
608,528,,,2,10/2021,,,,863.0,528.0,skin,,lion,1.0,,,
609,529,7.0,,,10/2021,7.0,Cameroon,,,,,,,,,,
610,530,,,,09/2017,,,,,,,,,,,,
611,531,,,2,09/2017,,,,,,,,,,,,
612,532,,,2,09/2017,,,,865.0,532.0,scale,,pangolin,1.0,40.0,,
613,533,2.0,,,09/2017,2.0,Uganda,,866.0,533.0,skin,,okapi,3.0,,,
614,534,,,1,09/2017,,,,,,,,,,,,
615,535,2.0,,1,09/2017,2.0,Uganda,,,,,,,,,,
616,536,,,1,09/2017,,,,,,,,,,,,
617,537,18.0,,1,09/2017,18.0,South Sudan,,,,,,,,,,
618,538,,,1,09/2017,,,,,,,,,,,,
619,539,4.0,,1,09/2017,4.0,Congo,,,,,,,,,,
620,540,5.0,,,09/2017,5.0,Gabon,,,,,,,,,,
621,541,,,3,09/2017,,,,,,,,,,,,
622,542,2.0,,1,09/2017,2.0,Uganda,,885.0,542.0,ivory,,hippo,1.0,,,
623,542,2.0,,1,09/2017,2.0,Uganda,,884.0,542.0,tooth,,hippo,229.0,,,
624,543,7.0,,,09/2017,7.0,Cameroon,,,,,,,,,,
625,544,1.0,,4,09/2018,1.0,Guinea,,,,,,,,,,
626,545,7.0,,1,09/2018,7.0,Cameroon,,886.0,545.0,scale,,pangolin,1.0,270.0,,
627,546,5.0,,1,09/2018,5.0,Gabon,,,,,,,,,,
628,547,,,two,09/2018,,,,,,,,,,,,
629,548,,,1,09/2018,,,,,,,,,,,,
630,549,,,2,09/2018,,,,,,,,,,,,
631,550,,,1,09/2018,,,,,,,,,,,,
632,551,,,1,09/2018,,,,,,,,,,,,
633,552,,,,09/2018,,,,,,,,,,,,
634,553,9.0,,4,09/2018,9.0,Benin,,,,,,,,,,
635,554,7.0,,1,09/2018,7.0,Cameroon,,900.0,554.0,scale,,pangolin,1.0,270.0,,
636,555,5.0,,,09/2018,5.0,Gabon,,,,,,,,,,
637,556,,,1,09/2019,,,,,,,,,,,,
638,557,7.0,,1,09/2019,7.0,Cameroon,,904.0,557.0,scale,,pangolin,1.0,,,
639,558,5.0,,1,09/2019,5.0,Gabon,,,,,,,,,,
640,559,,,one,09/2019,,,,,,,,,,,,
641,560,9.0,,1,09/2019,9.0,Benin,,,,,,,,,,
642,561,,,1,09/2019,,,,,,,,,,,,
643,562,5.0,,1,09/2019,5.0,Gabon,,,,,,,,,,
644,563,7.0,,one,09/2019,7.0,Cameroon,,,,,,,,,,
645,564,9.0,,,09/2019,9.0,Benin,,,,,,,,,,
646,565,,,1,09/2020,,,,,,,,,,,,
647,566,7.0,,1,09/2020,7.0,Cameroon,,,,,,,,,,
648,567,,,1,09/2020,,,,,,,,,,,,
649,568,5.0,,1,09/2020,5.0,Gabon,,,,,,,,,,
650,569,,,1,09/2020,,,,910.0,569.0,skin,,leopard,1.0,,,
651,569,,,1,09/2020,,,,909.0,569.0,tusk,,leopard,4.0,,,
652,570,5.0,,1,09/2020,5.0,Gabon,,,,,,,,,,
653,571,,,1,09/2020,,,,,,,,,,,,
654,572,7.0,,1,09/2020,7.0,Cameroon,,,,,,,,,,
655,573,5.0,,,09/2020,5.0,Gabon,,,,,,,,,,
656,574,,,2,09/2021,,,,,,,,,,,,
657,575,7.0,,,09/2021,7.0,Cameroon,,,,,,,,,,
658,576,,,2,09/2021,,,,,,,,,,,,
659,577,5.0,,,09/2021,5.0,Gabon,,,,,,,,,,
660,578,,,5,09/2021,,,,,,,,,,,,
661,579,5.0,,,09/2021,5.0,Gabon,,,,,,,,,,
662,580,,,4,09/2021,,,,,,,,,,,,
663,581,5.0,,1,09/2021,5.0,Gabon,,919.0,581.0,tusk,,elephant,4.0,,,
664,582,7.0,,2,09/2021,7.0,Cameroon,,920.0,582.0,tusk,,elephant,1.0,,,
665,583,5.0,,4,09/2021,5.0,Gabon,,,,,,,,,,
666,584,5.0,,,09/2021,5.0,Gabon,,923.0,584.0,tusk,,elephant,4.0,,,
